Keyword,Intent,Volume,Keyword Difficulty,CPC (GBP),SERP Features
migration assistance,,30,,1.19,
aws migration assistance,,10,,0.00,
aws migration assistance program,,10,,0.00,
cloud migration assistance,,10,,0.00,
data migration assistance,,10,,3.14,
atlassian cloud migration assistance,,0,,0.00,
australian migration assistance,,0,,0.00,
azure website migration assistance,,0,,0.00,
bitbucket cloud migration assistance,,0,,0.00,
confluence cloud migration assistance,,0,,0.00,
dynamics 365 migration assistance,,0,,0.00,
hybris migration assistance,,0,,0.00,
jira cloud migration assistance,,0,,5.00,
lenovo migration assistance,,0,,0.00,
migration assistance mac,,0,,0.00,
migration assistance will it transfer all files,,0,,0.00,
pelican migration assistance pty ltd,,0,,0.00,
sap commerce migration assistance,,0,,0.00,
sap hybris migration assistance,,0,,0.00,
sql server data migration assistance,,0,,0.00,
veeva migration assistance,,0,,0.00,
wordpress website migration assistance,,0,,0.00,
